epoch,time,train/box_loss,train/cls_loss,train/dfl_loss,metrics/precision(B),metrics/recall(B),metrics/mAP50(B),metrics/mAP50-95(B),val/box_loss,val/cls_loss,val/dfl_loss,lr/pg0,lr/pg1,lr/pg2
1,347.966,0.59064,2.29469,1.27351,0.6281,0.7293,0.67222,0.52146,0.63253,2.1282,1.13138,8e-05,8e-05,8e-05
2,689.207,0.78516,1.52355,1.30952,0.37122,0.39773,0.25629,0.10267,1.68418,5.0772,2.00774,0.000176436,0.000176436,0.000176436
3,1037.41,0.96469,1.46373,1.44891,0.00586,0.44318,0.00503,0.00179,3.36562,2461.31,7.09276,0.000268912,0.000268912,0.000268912
4,1409.04,1.25829,1.71558,1.65218,0,0,0,0,3.09221,181956,2511.86,0.000357428,0.000357428,0.000357428
5,1769.08,1.37434,1.75661,1.80284,0.00145,0.17045,0.00098,0.00027,3.51375,42351.8,313.449,0.000441984,0.000441984,0.000441984
6,2128.22,1.56642,2.05482,1.88016,0.01786,0.39773,0.01157,0.00252,3.19324,1050.17,124.591,0.00052258,0.00052258,0.00052258
7,2486.26,1.4654,2.0323,1.88245,0.01585,0.5,0.01103,0.00309,3.12428,632.755,18.8148,0.000599216,0.000599216,0.000599216
8,2874.08,1.46924,1.97833,1.8754,0.00489,0.27273,0.00284,0.00177,3.25096,5426.39,261.081,0.000671892,0.000671892,0.000671892
9,3254.09,1.67147,2.07034,1.99662,0.00141,0.13636,0.00094,0.00032,3.98193,147633,7288.52,0.000740608,0.000740608,0.000740608
10,3622.03,1.63346,2.09373,1.98229,0,0,0,0,4.69366,2.16044e+06,34649.7,0.000805364,0.000805364,0.000805364
11,3975.53,1.67341,2.28029,2.03481,0,0,0,0,5.2442,1.59757e+06,12610.2,0.00086616,0.00086616,0.00086616
12,4323.67,1.67704,1.9417,1.98171,9e-05,0.01136,5e-05,2e-05,4.55735,1.40032e+07,172040,0.000922996,0.000922996,0.000922996
13,4671.55,1.94023,2.2514,2.2226,9e-05,0.01136,5e-05,1e-05,5.02884,1.708e+08,71926.1,0.000975872,0.000975872,0.000975872
14,5003.49,1.77542,2.00326,2.04621,9e-05,0.01136,5e-05,1e-05,5.02884,1.708e+08,71926.1,0.00102479,0.00102479,0.00102479
15,5366.3,1.85088,2.04165,2.15607,9e-05,0.01136,5e-05,0,5.23592,4.84361e+06,9649.36,0.00106974,0.00106974,0.00106974
16,5726.02,1.71111,1.95778,1.99666,0.00119,0.11364,0.00076,0.00021,4.76029,20312.7,11983.3,0.00111074,0.00111074,0.00111074
17,6073.39,1.56881,1.93502,1.98556,0.00027,0.03409,0.00014,2e-05,4.41243,2.72825e+06,77121.5,0.00114778,0.00114778,0.00114778
18,6435.61,1.75155,2.05384,2.08207,0.00027,0.03409,0.00014,2e-05,4.41243,2.72825e+06,77121.5,0.00118085,0.00118085,0.00118085
19,6777.44,1.63882,1.90241,1.97479,0.00045,0.05682,0.00027,6e-05,4.24988,792788,14265,0.00120997,0.00120997,0.00120997
20,7113.43,1.56579,1.82465,1.97596,0.00054,0.06818,0.00034,0.00013,5.0749,84004.2,2101.44,0.00123512,0.00123512,0.00123512
21,7466.56,1.75605,1.81193,2.12305,0.00054,0.06818,0.00034,0.00013,5.0749,84004.2,2101.44,0.001208,0.001208,0.001208
22,7829.23,1.66842,1.77733,2.05825,0.0013,0.02273,0.00047,0.00014,4.81559,6998.9,1076.6,0.0011684,0.0011684,0.0011684
23,8172.02,1.51636,1.6954,1.92229,0.0012,0.125,0.00076,0.00023,5.02833,6732.8,358.376,0.0011288,0.0011288,0.0011288
24,8502.29,1.3551,1.56195,1.75959,0.0012,0.125,0.00076,0.00023,5.02833,6732.8,358.376,0.0010892,0.0010892,0.0010892
25,8860.17,1.34656,1.5809,1.84841,0.01194,0.03409,0.0017,0.00063,4.43058,15.6762,66.5303,0.0010496,0.0010496,0.0010496
26,9209.6,1.53104,1.7824,1.97043,0.01194,0.03409,0.0017,0.00063,4.43058,15.6762,66.5303,0.00101,0.00101,0.00101
27,9579.62,1.56238,1.66827,1.97327,0.01332,0.04545,0.00616,0.00284,3.16283,23.9629,6.26237,0.0009704,0.0009704,0.0009704
28,9955.93,1.47876,1.60559,1.81199,0.2785,0.13636,0.10463,0.03748,3.08949,9.10707,4.67312,0.0009308,0.0009308,0.0009308
29,10328.1,1.40608,1.5801,1.82324,0.2785,0.13636,0.10463,0.03748,3.08949,9.10707,4.67312,0.0008912,0.0008912,0.0008912
30,10688.7,1.43854,1.60451,1.8097,0.57555,0.11364,0.10735,0.04194,2.72689,4.55921,3.7846,0.0008516,0.0008516,0.0008516
31,11052.7,1.19245,1.40265,1.62477,0.38355,0.14773,0.08878,0.02948,2.72957,7.6378,4.01207,0.000812,0.000812,0.000812
32,11388.9,1.25586,1.45714,1.67481,0.38355,0.14773,0.08878,0.02948,2.72957,7.6378,4.01207,0.0007724,0.0007724,0.0007724
33,11767.2,1.24887,1.40295,1.70159,0.34821,0.11364,0.09409,0.04495,2.67903,9.06182,4.84282,0.0007328,0.0007328,0.0007328
34,12110.5,1.36777,1.48467,1.76812,0.34821,0.11364,0.09409,0.04495,2.67903,9.06182,4.84282,0.0006932,0.0006932,0.0006932
35,12509.1,1.21968,1.44109,1.64472,0.75595,0.18182,0.19715,0.14572,2.18216,5.82341,3.70377,0.0006536,0.0006536,0.0006536
36,12848.6,1.15398,1.36773,1.65652,0.6636,0.25,0.29643,0.22113,1.89892,3.51158,2.55094,0.000614,0.000614,0.000614
37,13193,1.18815,1.36644,1.67159,0.6636,0.25,0.29643,0.22113,1.89892,3.51158,2.55094,0.0005744,0.0005744,0.0005744
38,13526.8,1.0962,1.3064,1.64292,0.57068,0.37766,0.38505,0.25966,1.52933,2.77856,2.11867,0.0005348,0.0005348,0.0005348
39,13860.1,1.19856,1.4466,1.69698,0.72249,0.44379,0.52754,0.34884,1.35167,2.48847,1.96918,0.0004952,0.0004952,0.0004952
40,14165.5,1.13173,1.34583,1.58606,0.72249,0.44379,0.52754,0.34884,1.35167,2.48847,1.96918,0.0004556,0.0004556,0.0004556
41,14491.8,1.20871,1.72788,1.77385,0.65569,0.51136,0.52937,0.3632,1.28095,2.02733,1.90934,0.000416,0.000416,0.000416
42,14816,1.20514,1.58878,1.77572,0.65569,0.51136,0.52937,0.3632,1.28095,2.02733,1.90934,0.0003764,0.0003764,0.0003764
43,15140,1.28145,1.55185,1.83297,0.70841,0.5,0.50468,0.34228,1.28642,1.83226,1.85423,0.0003368,0.0003368,0.0003368
44,15473.3,1.27658,1.49386,1.85613,0.71925,0.49496,0.53621,0.36113,1.23509,1.6504,1.74884,0.0002972,0.0002972,0.0002972
45,15784,1.21722,1.42076,1.79376,0.71925,0.49496,0.53621,0.36113,1.23509,1.6504,1.74884,0.0002576,0.0002576,0.0002576
46,16116.8,1.23234,1.46914,1.79137,0.8474,0.50487,0.59015,0.40748,1.17984,1.43539,1.68691,0.000218,0.000218,0.000218
47,16454,1.21923,1.37229,1.7594,0.84159,0.54545,0.62807,0.43063,1.16161,1.30805,1.63897,0.0001784,0.0001784,0.0001784
48,16779.1,1.06673,1.26652,1.63659,0.84159,0.54545,0.62807,0.43063,1.16161,1.30805,1.63897,0.0001388,0.0001388,0.0001388
49,17106.2,1.25523,1.35581,1.82512,0.78321,0.56818,0.6589,0.46214,1.16804,1.25368,1.62476,9.92e-05,9.92e-05,9.92e-05
50,17408.5,1.13328,1.24606,1.71089,0.78321,0.56818,0.6589,0.46214,1.16804,1.25368,1.62476,5.96e-05,5.96e-05,5.96e-05
